Hotel,Preço,Checkin,Checkout
Hotel Veraneio,170.0,2024-05-21,2024-05-22
ibis Recife Aeroporto,270.0,2024-05-21,2024-05-22
Inter Hotel,160.0,2024-05-21,2024-05-22
NovoHotell Recife,278.0,2024-05-21,2024-05-22
Rede Andrade LG Inn,212.0,2024-05-21,2024-05-22
TOLIVE One Housi Recife by Carpediem,239.0,2024-05-21,2024-05-22
Rede Andrade Onda Mar,158.0,2024-05-21,2024-05-22
Marante Executive Hotel,287.0,2024-05-21,2024-05-22
Hotel Nacional Inn Recife Aeroporto,225.0,2024-05-21,2024-05-22
HY Apartments & Hotels,252.0,2024-05-21,2024-05-22
Beach Class Convention By Hôm - Antigo Bristol Recife,313.0,2024-05-21,2024-05-22
Transamerica Fit Recife,285.0,2024-05-21,2024-05-22
Rede Andrade Plaza Recife,189.0,2024-05-21,2024-05-22
Hotel Gaivota,100.0,2024-05-21,2024-05-22
Malakoff Residence,149.0,2024-05-21,2024-05-22
Hotel Uzi Praia,180.0,2024-05-21,2024-05-22
Scenarium Hotel,227.0,2024-05-21,2024-05-22
Recife Flats Beach Class Internacional,208.0,2024-05-21,2024-05-22
Rede Andrade Vela Branca,157.0,2024-05-21,2024-05-22
Hotel Enseada Boa Viagem,230.0,2024-05-21,2024-05-22
Hotel Golden Park Recife Boa Viagem,259.0,2024-05-21,2024-05-22
The Place Hostel,59.0,2024-05-21,2024-05-22
Bianca Praia Hotel,223.0,2024-05-21,2024-05-22
Silverton Paiva Experience - Flat,195.0,2024-05-21,2024-05-22
Zili Pernambuco - Hostel Pousada,54.0,2024-05-21,2024-05-22
Flat Beach Class Executive - Beira Mar de Boa Viagem,283.0,2024-05-21,2024-05-22
Hotel Enseada Aeroporto,212.0,2024-05-21,2024-05-22
Kastel Manibu Recife - Boa Viagem,305.0,2024-05-21,2024-05-22
Aram Beach Boa Viagem,226.0,2024-05-21,2024-05-22
Marante Plaza Hotel,327.0,2024-05-21,2024-05-22
Hotel Uzi Mar,200.0,2024-05-21,2024-05-22
Cosmopolitan Hostel,44.0,2024-05-21,2024-05-22
Hotel Luzeiros Recife,500.0,2024-05-21,2024-05-22
ibis Recife Boa Viagem,513.0,2024-05-21,2024-05-22
Hotel Euro Suíte Recife Boa Viagem,308.0,2024-05-21,2024-05-22
Dublê Hotel - The Original,219.0,2024-05-21,2024-05-22
Vivaz Boutique Hotel,184.0,2024-05-21,2024-05-22
BEACH CLASS INTERNACIONAL FRENTE MAR,257.0,2024-05-21,2024-05-22
Flat em Boa Viagem,130.0,2024-05-21,2024-05-22
Hotel Central,105.0,2024-05-21,2024-05-22
Flat localizado a 200m Shopping Recife bem Perto da Praia de Boa Viagem e com Wi-Fi 400Mbps,277.0,2024-05-21,2024-05-22
Fity Hotel,471.0,2024-05-21,2024-05-22
Radisson Recife,788.0,2024-05-21,2024-05-22
Flat em Boa Viagem - perto da praia,130.0,2024-05-21,2024-05-22
Rooftop 470 - Novíssimo Flat Boa Viagem,216.0,2024-05-21,2024-05-22
Park Hotel,313.0,2024-05-21,2024-05-22
Bugan Recife Boa Viagem Hotel - by Atlantica,612.0,2024-05-21,2024-05-22
Ezza Experience - Beach Flat,136.0,2024-05-21,2024-05-22
Suites Residence,160.0,2024-05-21,2024-05-22
NAVEGANTES HOTEL VISTA PARA MAR Boa Viagem,224.0,2024-05-21,2024-05-22
BOA VIAGEM - FLAT ROOFTOP ALTO PADRÃO,235.0,2024-05-21,2024-05-22
Hotel Coqueiral,160.0,2024-05-21,2024-05-22
BEIRA MAR- FLAT EXECUTIVE,257.0,2024-05-21,2024-05-22
Hotel Dan Inn Mar Piedade - Grande Recife,211.0,2024-05-21,2024-05-22
AZORIM quartos,90.0,2024-05-21,2024-05-22
Casa Rosarinho 1- RECIFE - Quartos com Banheiros Exclusivos,80.0,2024-05-21,2024-05-22
Casa Recife Pousada,86.0,2024-05-21,2024-05-22
Mercure Recife Navegantes,517.0,2024-05-21,2024-05-22
Pousada 461,200.0,2024-05-21,2024-05-22
Hotel Saveiro,195.0,2024-05-21,2024-05-22
ibis budget Recife Jaboatão,205.0,2024-05-21,2024-05-22
Sun Smart Hotel -,155.0,2024-05-21,2024-05-22
Pousada Cecosne,179.0,2024-05-21,2024-05-22
Hotel Juliette,179.0,2024-05-21,2024-05-22
Excelentes Quartos com banheiros privativos,76.0,2024-05-21,2024-05-22
Recanto Novo Horizonte,150.0,2024-05-21,2024-05-22
Grand Mercure Recife Boa Viagem,700.0,2024-05-21,2024-05-22
Villa d'Oro Hotel,679.0,2024-05-21,2024-05-22
Lê'Frevo Pernambucano Hostel,70.0,2024-05-21,2024-05-22
Apartamento Boa Viagem,120.0,2024-05-21,2024-05-22
Roomo Praia de Boa Viagem Residencial,357.0,2024-05-21,2024-05-22
Flat Beach Class Executive,243.0,2024-05-21,2024-05-22
Hotel Barramares,226.0,2024-05-21,2024-05-22
Pousada Trip Inn Recife,120.0,2024-05-21,2024-05-22
RESERVA DO PAIVA - A MELHOR CASA PARA TEMPORADA,744.0,2024-05-21,2024-05-22
Betel Beach Flat Internacional Boa Viagem,330.0,2024-05-21,2024-05-22
Cantinho Da Del,130.0,2024-05-21,2024-05-22
Pousada Elo Inn,165.0,2024-05-21,2024-05-22
Costa Mar Recife Hotel by Atlantica,360.0,2024-05-21,2024-05-22
Flat Novo em Boa Viagem - Rooftop 470,228.0,2024-05-21,2024-05-22
Forum Motel,285.0,2024-05-21,2024-05-22
Golden Point,150.0,2024-05-21,2024-05-22
Pousada Praia Boa Viagem,150.0,2024-05-21,2024-05-22
Hotel Jangadeiro,459.0,2024-05-21,2024-05-22
Hotel Atlante Plaza,1.164,2024-05-21,2024-05-22
Flat 507 - Rooftop Boa Viagem,180.0,2024-05-21,2024-05-22
Paiva Home Stay - Bugan Paiva by Flatbpaiva,160.0,2024-05-21,2024-05-22
Hospedaria,49.0,2024-05-21,2024-05-22
Casa Aeroporto Pousada,125.0,2024-05-21,2024-05-22
Apraiana Hostel,58.0,2024-05-21,2024-05-22
Reef Hostel & Pousada,107.0,2024-05-21,2024-05-22
Beira-mar Boa Viagem - Costa Vicentina by Bnb Flex,225.0,2024-05-21,2024-05-22
Flat Recife - Boa Viagem,315.0,2024-05-21,2024-05-22
POUSADA BRASIL RECIFE,50.0,2024-05-21,2024-05-22
Hosts BR - Studio Funcional em Boa Viagem(s/taxas),226.0,2024-05-21,2024-05-22
Edf. Costa do Rio,169.0,2024-05-21,2024-05-22
Barra Home Stay - Beira mar - 2 QUARTOS,210.0,2024-05-21,2024-05-22
Apartamento beira-mar em Boa Viagem,120.0,2024-05-21,2024-05-22
Golden Point Apartamento em Recife,165.0,2024-05-21,2024-05-22
Betel Flat Executive Praia Boa Viagem,199.0,2024-05-21,2024-05-22
SUITE e QUARTOS -1 SUITE COM BANHEIRO PRIVATIVO - 2 QUARTOS DUPLOS COM BANHEIRO COMPARTILHADO,87.0,2024-05-21,2024-05-22
Pousada Sandra Convenções,140.0,2024-05-21,2024-05-22
Pousada do Forte Recife,182.0,2024-05-21,2024-05-22
Beira-Mar Boa Viagem - Ivone Asfora by Bnb Flex,235.0,2024-05-21,2024-05-22
FLAT BEIRA MAR BOA VIAGEM - Radisson Recife Experience,284.0,2024-05-21,2024-05-22
Flat Beach Class Internacional,252.0,2024-05-21,2024-05-22
Fit Hostel,49.0,2024-05-21,2024-05-22
LM Hotels Recife,179.0,2024-05-21,2024-05-22
Flat Golden Beach - Piedade,153.0,2024-05-21,2024-05-22
''Apartamento EXCLUSIVO - Novo com 2 Quartos Climatizados Suíte Varanda Piscina e Academia - Vaga na garagem TV de 70'' Localização Premium ao Lado do Shopping Rio Mar - Inclui Enxoval Completo e Mimos!'',380.0,2024-05-21,2024-05-22
Hotel Pousada Casuarinas,206.0,2024-05-21,2024-05-22
Beach Class Internacional apartamento,277.0,2024-05-21,2024-05-22
Casa da Esquina Pousada,72.0,2024-05-21,2024-05-22
Hosts BR - Flat Beach Class Boa Viagem (sem taxas),266.0,2024-05-21,2024-05-22
Mangue Oranje Hostel,80.0,2024-05-21,2024-05-22
Flat em Boa Viagem 100% Equipado,252.0,2024-05-21,2024-05-22
Hotel Pousada da Praia,175.0,2024-05-21,2024-05-22
IAA's - Apartamentos beira-mar em Pernambuco,162.0,2024-05-21,2024-05-22
Praia de Piedade flat frente para o mar completo,122.0,2024-05-21,2024-05-22
Eros Hotel CDU (Adults Only),135.0,2024-05-21,2024-05-22
Eros Hotel - Adult Only,170.0,2024-05-21,2024-05-22
Pousada E Hostel Pernambucana,35.0,2024-05-21,2024-05-22
Flat Edf Golden Beach,375.0,2024-05-21,2024-05-22
Flat Beira Mar Recife - Praia de Piedade,325.0,2024-05-21,2024-05-22
Ramon Hostel Bar,50.0,2024-05-21,2024-05-22
Pousada Beira Mar,86.0,2024-05-21,2024-05-22
Nobile Residences Maria Frazão,320.0,2024-05-21,2024-05-22
Flat - Navegantes Residence Hotel,229.0,2024-05-21,2024-05-22
Hospedaria Residencial da Torre,120.0,2024-05-21,2024-05-22
Golden Beach Flat Recife,170.0,2024-05-21,2024-05-22
Ap. Cobertura Duplex Próx. Praia,339.0,2024-05-21,2024-05-22
202 Flat Beira Mar Av Boa Viagem,279.0,2024-05-21,2024-05-22
Hotel Pousada da Praça,160.0,2024-05-21,2024-05-22
Flat/Boa Viagem - Wi-Fi 400mbps,137.0,2024-05-21,2024-05-22
Apê Aconchegante,135.0,2024-05-21,2024-05-22
Rio Park Avenue Number 2 - By TRH Invest,242.0,2024-05-21,2024-05-22
Conforto e Estilo no Beach Class Santa Maria,117.0,2024-05-21,2024-05-22
Stay Residence - CASA COMPARTILHADA,64.0,2024-05-21,2024-05-22
Studio Piedade,98.0,2024-05-21,2024-05-22
Aconchegante ótima localização e vista para o mar,304.0,2024-05-21,2024-05-22
Apartamento Royale na praia de Boa Viagem,621.0,2024-05-21,2024-05-22
Quarto TRIPLO CONFORTAVEL E AMPLO NO BAIRRO DO ESPINHEIRO em RECIFE,150.0,2024-05-21,2024-05-22
Hotel América,130.0,2024-05-21,2024-05-22
Qto Duplo próximo ao Shopping Recife,85.0,2024-05-21,2024-05-22
PEQUENO QUARTO SIMPLES individual  com VENTILADOR,77.0,2024-05-21,2024-05-22
Rio Park Ave Sea View One - By TRH Invest,359.0,2024-05-21,2024-05-22
Casa do Meio Pousada,99.0,2024-05-21,2024-05-22
Flat Executive Beira Mar,282.0,2024-05-21,2024-05-22
Hotel & Motel Henrique Dias (Adults Only),185.0,2024-05-21,2024-05-22
Flat Beach Barra - Praia do Paiva - Ilha do amor,194.0,2024-05-21,2024-05-22
Coração de Boa Viagem,465.0,2024-05-21,2024-05-22
Hostel solar do lazer,46.0,2024-05-21,2024-05-22
Betel Beach Flat Boa Viagem,297.0,2024-05-21,2024-05-22
Flat inteiro vista-mar,225.0,2024-05-21,2024-05-22
POUSADA LELÊ CONVENÇÕES,200.0,2024-05-21,2024-05-22
Ramada Flat,238.0,2024-05-21,2024-05-22
Oxen Hostel 2024,38.0,2024-05-21,2024-05-22
Flat luxo Boa Viagem Rooftop 470,260.0,2024-05-21,2024-05-22
STAY POUSADA,100.0,2024-05-21,2024-05-22
Nexos Motel Piedade - Adults Only,170.0,2024-05-21,2024-05-22
Moderno Flat Tolive One,144.0,2024-05-21,2024-05-22
Flat Encantador "Localização Privilegiada e Estilo Sofisticado",166.0,2024-05-21,2024-05-22
Paiva Home Stay - Vista dos Sonhos,253.0,2024-05-21,2024-05-22
Flats de Luxo by BnbFlex - Costa Vicentina,245.0,2024-05-21,2024-05-22
Flat a beira mar Recife,156.0,2024-05-21,2024-05-22
Pousada Nordestina,150.0,2024-05-21,2024-05-22
Flats Mobiliados Zona Norte Casa forte recife Aluguel por temporada Direto com o dono,239.0,2024-05-21,2024-05-22
Hotel das Fronteiras,160.0,2024-05-21,2024-05-22
BHF》1107•Conforto e tranquilidade. Flat beira mar!,250.0,2024-05-21,2024-05-22
Transamerica Fit Recife- Flat mobiliado,280.0,2024-05-21,2024-05-22
Apartamento boa viagem,199.0,2024-05-21,2024-05-22
Flat Golden Beach em Piedade,180.0,2024-05-21,2024-05-22
FLAT COSTA MAR,170.0,2024-05-21,2024-05-22
Flat Sorriso - Beach Class Conventions,319.0,2024-05-21,2024-05-22
Nexos Motel Tamarineira (Adult Only),155.0,2024-05-21,2024-05-22
Boa Viagem Flat,170.0,2024-05-21,2024-05-22
Aconchegante apartamento para locação de diárias *NOVO*,161.0,2024-05-21,2024-05-22
Duplex,108.0,2024-05-21,2024-05-22
Rio Park Avenue Residence Piedade - By TRH Invest,269.0,2024-05-21,2024-05-22
Melhor localização Recife até 8 pessoas,180.0,2024-05-21,2024-05-22
Charme do Poço,160.0,2024-05-21,2024-05-22
Flat Beira Mar Beach Class,271.0,2024-05-21,2024-05-22
Studio Boa Viagem,126.0,2024-05-21,2024-05-22
Studio 51 residence,97.0,2024-05-21,2024-05-22
FLAT Praia Boa Viagem,435.0,2024-05-21,2024-05-22
Albergue Cultural São Salomão,80.0,2024-05-21,2024-05-22
Beach Class Boa Viagem - Apartamento em Hotel Transamerica 5 Estrelas Vista para o Mar,306.0,2024-05-21,2024-05-22
Lindo Flat Hotel Costa Mar,144.0,2024-05-21,2024-05-22
Espaço inteiro a beira mar,173.0,2024-05-21,2024-05-22
Flat frente mar no Transamérica Beach Class International,308.0,2024-05-21,2024-05-22
Hostel & Pousada UFPE INN,89.0,2024-05-21,2024-05-22
Beach Class Executive Beira Mar,233.0,2024-05-21,2024-05-22
Flat que acomoda até 4 pessoas Boa Viagem-Recife,220.0,2024-05-21,2024-05-22
Lindo FLAT no melhor lugar de Candeias 50 m praia,206.0,2024-05-21,2024-05-22
Recife Centro Apartamento,180.0,2024-05-21,2024-05-22
Rio Park Ave Studio 4 - By TRH Invest,287.0,2024-05-21,2024-05-22
Studio com varanda - Melhor localização do Arruda,192.0,2024-05-21,2024-05-22
Bonito é ser Feliz,98.0,2024-05-21,2024-05-22
Kitnet na Boa Vista Recife - 508,215.0,2024-05-21,2024-05-22
Paiva Flats By Loui,176.0,2024-05-21,2024-05-22
Flat a 100 metros da praia - Bairro de Boa Viagem,211.0,2024-05-21,2024-05-22
Rede Andrade Navegantes,280.0,2024-05-21,2024-05-22
Espaço do Bem Recife,150.0,2024-05-21,2024-05-22
Flat Refugio! Vista deslumbrante! Frente-mar,172.0,2024-05-21,2024-05-22
Flat Beira Mar Piedade,203.0,2024-05-21,2024-05-22
Motel Estoril (Adult Only),160.0,2024-05-21,2024-05-22
Paiva (Barra Home Stay) Luxuoso - vista incrível 26 andar,270.0,2024-05-21,2024-05-22
Flat BV no Aparthotel Beach Class EXECUTIVE - Apto 507 - na Beira-Mar do Recife,208.0,2024-05-21,2024-05-22
quintal293,180.0,2024-05-21,2024-05-22
Estadia em Boa viagem Recife,212.0,2024-05-21,2024-05-22
Bugan paiva,315.0,2024-05-21,2024-05-22
flatpaivahome bugan paiva,245.0,2024-05-21,2024-05-22
Apartamento três quartos no centro do Recife,122.0,2024-05-21,2024-05-22
Piscina no Rooftop! Exclusivo ''Apartamento Compacto com Design Moderno e Infraestrutura Completa em Boa viagem - Estacionamento e Portaria 24h! Roupas de Cama Toalhas e mimos inclusos!'',529.0,2024-05-21,2024-05-22
Quarto confortável em Boa viagem,97.0,2024-05-21,2024-05-22
Flat super aconchegante!,187.0,2024-05-21,2024-05-22
Pousada Flat Hotel em Casa Forte,169.0,2024-05-21,2024-05-22
Gira Arte Hostel,110.0,2024-05-21,2024-05-22
Flat Gildo Vilaça,239.0,2024-05-21,2024-05-22
HY Beach Flats - International,308.0,2024-05-21,2024-05-22
Piratas do Sol Hostel,52.0,2024-05-21,2024-05-22
Flat Recife Av boa viagem- Beach Class Internacional,250.0,2024-05-21,2024-05-22
Pousada Joãozinho Caminhador,70.0,2024-05-21,2024-05-22
Lindo apartamento no melhor do Recife,410.0,2024-05-21,2024-05-22
Apartamento tipo Flat em Boa viagem com serviços inclusos,138.0,2024-05-21,2024-05-22
Fada Hotel - Motel Adults Only,142.0,2024-05-21,2024-05-22
Residêncial primavera,72.0,2024-05-21,2024-05-22
Ap próx shopping aeroporto,113.0,2024-05-21,2024-05-22
Flat Boa Viagem luxo,203.0,2024-05-21,2024-05-22
Puerto de Villas,225.0,2024-05-21,2024-05-22
Flat em Boa Viagem apto 703 - Rooftop 470,225.0,2024-05-21,2024-05-22
BOA VIAGEM FLAT 106,197.0,2024-05-21,2024-05-22
Espaço jeito de casa.,108.0,2024-05-21,2024-05-22
Flat Navegantes Residence - Mar,317.0,2024-05-21,2024-05-22
Flat a beira mar,221.0,2024-05-21,2024-05-22
Apartamento em Recife,135.0,2024-05-21,2024-05-22
Flat em Boa Viagem Ótima Localização Próximo do Mar Apt 903,126.0,2024-05-21,2024-05-22
Hospedagem Domiciliar - Ótima localização em Piedade,88.0,2024-05-21,2024-05-22
Flat 505 Edf. Home Club Porto Mar,210.0,2024-05-21,2024-05-22
FLAT EM BOA VIAGEM,180.0,2024-05-21,2024-05-22
Flat vista mar Boa Viagem,183.0,2024-05-21,2024-05-22
PAIVA HOME STAY 1908 A melhor vista de Pernambuco,240.0,2024-05-21,2024-05-22
Casa com piscina aconchegante 300 m do mar,281.0,2024-05-21,2024-05-22
Flat Mar Azul e Sol Dourado,184.0,2024-05-21,2024-05-22
Marbelo Pernambuco Hostel,51.0,2024-05-21,2024-05-22
FLAT LUXO BEIRA MAR 14 andar,221.0,2024-05-21,2024-05-22
Pousada Solar do Lazer,41.0,2024-05-21,2024-05-22
studio golden breeze boa viagem,187.0,2024-05-21,2024-05-22
Flat Costa Mar,250.0,2024-05-21,2024-05-22
Hosts BR - Estúdio em Boa Viagem(s/taxas),221.0,2024-05-21,2024-05-22
Paiva Flat Home Stay - Barra de Jangada,207.0,2024-05-21,2024-05-22
Bugan - Paiva Home Stay A&F,200.0,2024-05-21,2024-05-22
Paiva Home Stay - Beira Mar - Flat,171.0,2024-05-21,2024-05-22
Flat da barra,176.0,2024-05-21,2024-05-22
Kitnet mobiliado Olinda,135.0,2024-05-21,2024-05-22
Heliodoro Flat Golden Beach,173.0,2024-05-21,2024-05-22
Mercure 1404 · Suíte moderna com vista p/ o mar,299.0,2024-05-21,2024-05-22
Apartamento/Flat Boa Viagem,246.0,2024-05-21,2024-05-22
BOA VIAGEM PROX AO MAR,204.0,2024-05-21,2024-05-22
Quarto em Hotel Costa Mar!,159.0,2024-05-21,2024-05-22
Apart Hotel Marinas Tamandaré,137.0,2024-05-21,2024-05-22
Apartamento aconchegante no centro,104.0,2024-05-21,2024-05-22
Flat em Recife a beira-mar de Boa Viagem,240.0,2024-05-21,2024-05-22
Edifício Parque Shopping,230.0,2024-05-21,2024-05-22
Apto 3 quartos Beira Mar Prox de Recife,138.0,2024-05-21,2024-05-22
Pousada Solar do Lazer,41.0,2024-05-21,2024-05-22
Apartamento próximo ao aeroporto e praia,122.0,2024-05-21,2024-05-22
Apartamento aconchegante em Candeias,242.0,2024-05-21,2024-05-22
Rhodes Hotel Recife,220.0,2024-05-21,2024-05-22
Eclipse Motel,117.0,2024-05-21,2024-05-22
Rio Park Ave Studio 2 - By TRH Invest,287.0,2024-05-21,2024-05-22
Studio D'Roma em Boa Viagem,200.0,2024-05-21,2024-05-22
Flat em Boa Viagem #506,192.0,2024-05-21,2024-05-22
Hosts BR-Flat Fit Transamérica Boa Viagem s/ taxa,220.0,2024-05-21,2024-05-22
Apartamento no Rosarinho,170.0,2024-05-21,2024-05-22
Flat Golden Beach Recife,186.0,2024-05-21,2024-05-22
Centro de convenções próx,150.0,2024-05-21,2024-05-22
Mercure Navegantes Recife Hotel,346.0,2024-05-21,2024-05-22
QUARTO ARCO-ÍRES-TRIPLO CONFORTO E PRIVACIDADE- Bairro do Espinheiro -RECIFE- PERNAMBUCO,103.0,2024-05-21,2024-05-22
Loft Portal Beach,99.0,2024-05-21,2024-05-22
Espaço rústico e aconchegante 1,91.0,2024-05-21,2024-05-22
Hotel América Praia,162.0,2024-05-21,2024-05-22
Pousada da Praia,170.0,2024-05-21,2024-05-22
Barra Home stay 22 andar,203.0,2024-05-21,2024-05-22
BARRA FLATS BY LOUI,168.0,2024-05-21,2024-05-22
Paiva home stay,203.0,2024-05-21,2024-05-22
Hy Beach Flats - Apartamento Luxo,322.0,2024-05-21,2024-05-22
Flat no Mercure Navegantes,166.0,2024-05-21,2024-05-22
Flat em Boa Viagem no Rooftop 470,134.0,2024-05-21,2024-05-22
Apartamento na melhor localização de Recife,132.0,2024-05-21,2024-05-22
Apartamento com Vista Deslumbrante à Beira Mar.,270.0,2024-05-21,2024-05-22
Aconchego e Conveniência - Apartamento para 2pessoas a 2min da Praia de Boa viagem - 1 Quarto com Ar-Condicionado - Wi-Fi e Mobilia COMPLETA '' Localização Privilegiada com Custo-Beneficio Imbatível em Recife!'' -Promoção Exclusiva-,138.0,2024-05-21,2024-05-22
Flat Super Luxo - Boa Viagem,229.0,2024-05-21,2024-05-22
Kitnet na Boa Vista Recife - 1203,215.0,2024-05-21,2024-05-22
Hosts BR - Frente Mar c/ cozinha,189.0,2024-05-21,2024-05-22
Quarto INDISPONÍVEL NO PRESENTE,203.0,2024-05-21,2024-05-22
Hosts BR - Flats Frente Mar c/ Cozinha,189.0,2024-05-21,2024-05-22
Rio Park Ave Studio 9 - By TRH Invest,296.0,2024-05-21,2024-05-22
Flat Pé-na-areia! Um refúgio a Beira-mar! Vista deslumbrante!,182.0,2024-05-21,2024-05-22
hotel gold beach,260.0,2024-05-21,2024-05-22
Flat Beach Class Recife,274.0,2024-05-21,2024-05-22
Flat incrível 2 qtos Beach class conselheiro,274.0,2024-05-21,2024-05-22
Kitnet 1 quarto com banheiro carnaval recife  condomínio fechado,203.0,2024-05-21,2024-05-22
Kitnet com hidromassagem boa viagem,174.0,2024-05-21,2024-05-22
HY Hotels,308.0,2024-05-21,2024-05-22
Lindo apartamento em Recife,128.0,2024-05-21,2024-05-22
Kitnet 1102 - Apartamento para temporada,215.0,2024-05-21,2024-05-22
Flat 02 quartos em Boa Viagem 2 min a pé da praia,380.0,2024-05-21,2024-05-22
Beach Class HÔM - by Tolull,339.0,2024-05-21,2024-05-22
HY Beach Flats - Santa Maria,336.0,2024-05-21,2024-05-22
Melhor local da zona norte Sem Taxas,400.0,2024-05-21,2024-05-22
Acero'Lar,54.0,2024-05-21,2024-05-22
Flat - Boa viagem- Recife - Poucos metros da praia,261.0,2024-05-21,2024-05-22
Flora Pousada,342.0,2024-05-21,2024-05-22
Bugan Paiva flatpaivahome,235.0,2024-05-21,2024-05-22
Solar da Sereia,275.0,2024-05-21,2024-05-22
Apartamento e Suítes Mobiliada Climatizada Campo Grande,235.0,2024-05-21,2024-05-22
Apartamento Imperial perto de tudo e confortável.,144.0,2024-05-21,2024-05-22
Apto a beira-mar em Jaboatao dos Guararapes PE,176.0,2024-05-21,2024-05-22
Ótima Localização - Zona Norte - SEM TAXAS,400.0,2024-05-21,2024-05-22
Apartamento Boa Viagem,429.0,2024-05-21,2024-05-22
Apartamento rústico e aconchegante,120.0,2024-05-21,2024-05-22
Cosmeflats,200.0,2024-05-21,2024-05-22
Hostel Alvorada,76.0,2024-05-21,2024-05-22
Hospede-se próximo ao Aeroporto Internacional dos Guararapes em Recife - Rua Esdras Farias  15B,180.0,2024-05-21,2024-05-22
Kitnet recife carnaval 2024,225.0,2024-05-21,2024-05-22
Flat 1 Quarto Carneiros Beach Resort,405.0,2024-05-21,2024-05-22
Lindo apto à beira-mar Jaboatão dos Guararapes - PE,246.0,2024-05-21,2024-05-22
BHF》3403 • Duplex super confortável!,360.0,2024-05-21,2024-05-22
Flat Melhor vista de Carneiros,504.0,2024-05-21,2024-05-22
Flats Beach Class Convention Prime,299.0,2024-05-21,2024-05-22
Marbelo Pernambuco,259.0,2024-05-21,2024-05-22
Apartamento 3qts em Boa Viagem,480.0,2024-05-21,2024-05-22
Radisson Hotel ap 801,1.7,2024-05-21,2024-05-22
Meu Cantinho,297.0,2024-05-21,2024-05-22
Apto 3/4 Mobiliado em Recife Cond. CLUBE,800.0,2024-05-21,2024-05-22
Apartamento ao lado da UFPE,200.0,2024-05-21,2024-05-22
Hostel da Socorro,405.0,2024-05-21,2024-05-22
Apt candeias,207.0,2024-05-21,2024-05-22
Lindo flat em Barra de Jangada (apto 1805),225.0,2024-05-21,2024-05-22
Bugan Paiva/ Home stay,208.0,2024-05-21,2024-05-22
Flat boa viagem 1,567.0,2024-05-21,2024-05-22
Flat em Boa Viagem,800.0,2024-05-21,2024-05-22
Apê a 100m do Mar,430.0,2024-05-21,2024-05-22
Casa no coração de Recife para Carnaval,300.0,2024-05-21,2024-05-22
Flats Rosarinho Prince Prime,499.0,2024-05-21,2024-05-22
Cobertura no Pina,314.0,2024-05-21,2024-05-22
Conforto e Localização,324.0,2024-05-21,2024-05-22
flat apt mobiliado beira mar,400.0,2024-05-21,2024-05-22
Casa poucos metros do mar Cabo de Sto Agostinho,372.0,2024-05-21,2024-05-22
Aconchego Boa Viagem,576.0,2024-05-21,2024-05-22
Apto Carnaval 2024 Ed Camilla,800.0,2024-05-21,2024-05-22
Apartamento Beira Mar em Recife,1.35,2024-05-21,2024-05-22
Flat Beira Mar,2.0,2024-05-21,2024-05-22
apartamento,1.35,2024-05-21,2024-05-22
Bangalô luxo à beira MAR em Porto de Galinhas (Cupe),1.625,2024-05-21,2024-05-22
Apduplex,2.025,2024-05-21,2024-05-22
